Abu_Sholeman:Abu_Sholeman@ibi.com
Acken_Sakakibara:Acken_Sakakibara@ibi.com
Adrian_Moldoveanu:Adrian_Moldoveanu@ibi.com
Adrian_Weissman:Adrian_Weissman@ibi.com
Ahmed_Aly:Ahmed_Aly@ibi.com
Aki_Hashizawa:Aki_Hashizawa@ibi.com
Alan_Schendlinger:Alan_Schendlinger@ibi.com
Alexandre_Kotchkin:Alexandre_Kotchkin@ibi.com
Amy_Silverman:Amy_Silverman@ibi.com
Andreea_Nastase:Andreea_Nastase@ibi.com
Andrey_Damsky:Andrey_Damsky@ibi.com
Art_Greenhaus:Art_Greenhaus@ibi.com
Arthur_Shapiro:Arthur_Shapiro@ibi.com
Aryeh_Mark:Aryeh_Mark@ibi.com
Barbara_Frary:Barbara_Frary@ibi.com
Ben_Naphtali:Ben_Naphtali@ibi.com
Ben_Yavuz:Ben_Yavuz@ibi.com
Bhavesh_Patel:Bhavesh_Patel@ibi.com
Bob_Ferrante:Bob_Ferrante@ibi.com
Bob_Hazelton:Bob_Hazelton@ibi.com
Bonnie_Dudovitz:Bonnie_Dudovitz@ibi.com
Boris_Shapiro:Boris_Shapiro@ibi.com
Boris_Shukhat:Boris_Shukhat@ibi.com
Brenda_Pimentel:Brenda_Pimentel@ibi.com
Brendan_Benke:Brendan_Benke@ibi.com
Brian_Carter:Brian_Carter@ibi.com
Brian_Suter:Brian_Suter@ibi.com
Brian_Wang:Brian_Wang@ibi.com
Carolina_Pilenyi:Carolina_Pilenyi@ibi.com
Cathy_Simon:Cathy_Simon@ibi.com
Cheryl_Hilton:Cheryl_Hilton@ibi.com
Chima_Ngene:Chima_Ngene@ibi.com
Chris_Capozzoli:Chris_Capozzoli@ibi.com
Chris_Eng:Chris_Eng@ibi.com
Christine_Schmiedel:Christine_Schmiedel@ibi.com
Claire_Uhle:Claire_Uhle@ibi.com
Claudia_Holanda:Claudia_Holanda@ibi.com
Corneliu_Chirnoaga:Corneliu_Chirnoaga@ibi.com
Dan_Carotenuto:Dan_Carotenuto@ibi.com
Dan_Grady:Dan_Grady@ibi.com
Dan_Weingart:Dan_Weingart@ibi.com
Daniel_Ortolani:Daniel_Ortolani@ibi.com
Daniel_Young:Daniel_Young@ibi.com
Dave_Marom:Dave_Marom@ibi.com
David_Cook:David_Cook@ibi.com
David_Glick:David_Glick@ibi.com
David_Heidbrink:David_Heidbrink@ibi.com
David_Reytblat:David_Reytblat@ibi.com
David_Sandel:David_Sandel@ibi.com
Diane_Sklar:Diane_Sklar@ibi.com
Dipti_Bhanja:Dipti_Bhanja@ibi.com
Dimitris_Poulos:Dimitris_Poulos@ibi.com
Dmitri_Ilyin:Dmitri_Ilyin@ibi.com
Dmitriy_Froimchuk:Dmitriy_Froimchuk@ibi.com
Donald_Klepack:Donald_Klepack@ibi.com
Douglas_Eng:Douglas_Eng@ibi.com
Doug_Tremper:Doug_Tremper@ibi.com
Dov_Pincus:Dov_Pincus@ibi.com
Efrem_Litwin:Efrem_Litwin@ibi.com
Eleonora_Karpinos:Eleonora_Karpinos@ibi.com
Emidio_DiCairano:Emidio_DiCairano@ibi.com
Emma_Schwarz:Emma_Schwarz@ibi.com
Erdwin_Chua:Erdwin_Chua@ibi.com
Eugene_Ryvkin:Eugene_Ryvkin@ibi.com
Evan_Cohen:Evan_Cohen@ibi.com
Francesca_Perez:Francesca_Perez@ibi.com
Francois_Liaudat:Francois_Liaudat@ibi.com
Frederick_Wu:Frederick_Wu@ibi.com
Genen_Soo-Hoo:Genen_Soo-Hoo@ibi.com
Genevieve_Monet:Genevieve_Monet@ibi.com
Gerard_Snyder:Gerard_Snyder@ibi.com
Gerald_Cohen:Gerald_Cohen@ibi.com
Gilbert_Rodriguez:Gilbert_Rodriguez@ibi.com
Harry_Lotrowski:Harry_Lotrowski@ibi.com
Hazel_Nicholas:Hazel_Nicholas@ibi.com
HiuTan_Lee:HiuTan_Lee@ibi.com
Ian_To:Ian_To@ibi.com
Israel_Schulman:Israel_Schulman@ibi.com
Jamie_Monroe:Jamie_Monroe@ibi.com
Jason_Coustou-Garangeat:Jason_Coustou-Garangeat@ibi.com
Jean_Francois:Jean_Francois@ibi.com
Jeffrey_Friedman:Jeffrey_Friedman@ibi.com
Jeffrey_Williams:Jeffrey_Williams@ibi.com
Jim_Thorstad:Jim_Thorstad@ibi.com
Joan_Heath:Joan_Heath@ibi.com
Joe_Quaranta:Joe_Quaranta@ibi.com
Joe_Sarnelle:Joe_Sarnelle@ibi.com
John_Susko:John_Susko@ibi.com
Johnny_Wu:Johnny_Wu@ibi.com
Jon_Zuckerbrot:Jon_Zuckerbrot@ibi.com
Jonathan_Baker:Jonathan_Baker@ibi.com
Jonathan_Mark:Jonathan_Mark@ibi.com
Jonathan_Nikravesh:Jonathan_Nikravesh@ibi.com
Joseph_Carrano:Joseph_Carrano@ibi.com
Joseph_Susi:Joseph_Susi@ibi.com
Josette_Dumont-Smith:Josette_Dumont-Smith@ibi.com
Joshua_Byun:Joshua_Byun@ibi.com
Julian_Hyman:Julian_Hyman@ibi.com
Kana_Shinoda:Kana_Shinoda@ibi.com
Kayoko_Yano:Kayoko_Yano@ibi.com
Kazuyuki_Yokoyama:Kazuyuki_Yokoyama@ibi.com
Kenneth_Newberger:Kenneth_Newberger@ibi.com
KevinR_Quinn:KevinR_Quinn@ibi.com
Kirill_Bash:Kirill_Bash@ibi.com
Kwok_Lam:Kwok_Lam@ibi.com
Larisa_Pesina:Larisa_Pesina@ibi.com
Larry_Eiss:Larry_Eiss@ibi.com
Lauren_Schiff:Lauren_Schiff@ibi.com
Lee_Wilson:Lee_Wilson@ibi.com
Len_Kleinberg:Len_Kleinberg@ibi.com
Lev_Krasnoselskiy:Lev_Krasnoselskiy@ibi.com
Lily_Squires:Lily_Squires@ibi.com
Lisa_Fishenfeld:Lisa_Fishenfeld@ibi.com
Lisa_Scipio:Lisa_Scipio@ibi.com
Liza_Wai:Liza_Wai@ibi.com
Lourdes_Perez:Lourdes_Perez@ibi.com
Luminita_Lin:Luminita_Lin@ibi.com
Mabel_Chu:Mabel_Chu@ibi.com
Maria_Daddio:Maria_Daddio@ibi.com
Maria_Garcia:Maria_Garcia@ibi.com
Marwan_Duwaji:Marwan_Duwaji@ibi.com
Maryellen_Novak:Maryellen_Novak@ibi.com
Michael_Krakovsky:Michael_Krakovsky@ibi.com
Michael_Mirkin:Michael_Mirkin@ibi.com
Michael_Zand:Michael_Zand@ibi.com
Michael_Katz:Michael_Katz@ibi.com
Mike_Bernardo:Mike_Bernardo@ibi.com
Minggui_Chen:Minggui_Chen@ibi.com
Mona_Baker:Mona_Baker@ibi.com
Nadine_Davis:Nadine_Davis@ibi.com
Nadya_Zybko:Nadya_Zybko@ibi.com
Nancy_Silva:Nancy_Silva@ibi.com
Naike_He:Naike_He@ibi.com
Nandhini_Narasingam:Nandhini_Narasingam@ibi.com
Natalia_Fokin:Natalia_Fokin@ibi.com
Natalia_Krasnoiartsev:Natalia_Krasnoiartsev@ibi.com
Nderry_Sallah:Nderry_Sallah@ibi.com
Nicholas_Cosenza:Nicholas_Cosenza@ibi.com
Nicholas_Zavalkov:Nicholas_Zavalkov@ibi.com
Norman_Basham:Norman_Basham@ibi.com
Oleg_Volkovinski:Oleg_Volkovinski@ibi.com
Patrick_Powers:Patrick_Powers@ibi.com
Patricia_Lam:Patricia_Lam@ibi.com
Paul_Westcott:Paul_Westcott@ibi.com
Pedro_Cano:Pedro_Cano@ibi.com
Peter_Kaboolian:Peter_Kaboolian@ibi.com
Peter_Lenahan:Peter_Lenahan@ibi.com
Peter_Lopez:Peter_Lopez@ibi.com
Philipp_Kuecuekyan:Philipp_Kuecuekyan@ibi.com
Qi_Wang:Qi_Wang@ibi.com
Rachel_Riezel:Rachel_Riezel@ibi.com
Rado_Kotorov:Rado_Kotorov@ibi.com
Razvan_Muresan:Razvan_Muresan@ibi.com
Relena_Fishenfeld:Relena_Fishenfeld@ibi.com
Richard_Sitt:Richard_Sitt@ibi.com
Rob_Seppanen:Rob_Seppanen@ibi.com
Robert_Fricano:Robert_Fricano@ibi.com
Robert_Recker:Robert_Recker@ibi.com
Romerl_Elizes:Romerl_Elizes@ibi.com
Rony_Gilot:Rony_Gilot@ibi.com
Roy_Boecke:Roy_Boecke@ibi.com
Russell_Armanno:Russell_Armanno@ibi.com
Sam_Ragucci:Sam_Ragucci@ibi.com
Sandra_Bonoan:Sandra_Bonoan@ibi.com
Scott_Bicknese:Scott_Bicknese@ibi.com
Scott_Broderick:Scott_Broderick@ibi.com
Shakila_Gajendran:Shakila_Gajendran@ibi.com
Shyam_Jayakumar:Shyam_Jayakumar@ibi.com
Sterling_Brown:Sterling_Brown@ibi.com
Steve_Palmo:Steve_Palmo@ibi.com
Susan_Trommer:Susan_Trommer@ibi.com
Syed_Rahman:Syed_Rahman@ibi.com
Tatiana_Brodsky:Tatiana_Brodsky@ibi.com
Telu_Dumitru:Telu_Dumitru@ibi.com
Thomas_Willett:Thomas_Willett@ibi.com
Tony_Lowe:Tony_Lowe@ibi.com
Tony_White:Tony_White@ibi.com
Toshifumi_Kojima:Toshifumi_Kojima@ibi.com
Valeria_Jornitski:Valeria_Jornitski@ibi.com
Valeriy_Aminov:Valeriy_Aminov@ibi.com
Venkata_Reddy:Venkata_Reddy@ibi.com
Vicky_Lozovsky:Vicky_Lozovsky@ibi.com
Vincent_Lam:Vincent_Lam@ibi.com
Vito_Demartino:Vito_Demartino@ibi.com
Vladimir_Jornitski:Vladimir_Jornitski@ibi.com
Wendy_Lim:Wendy_Lim@ibi.com
William_Forde:William_Forde@ibi.com
William_Lara:William_Lara@ibi.com
William_Washington:William_Washington@ibi.com
Xiaohong_Yi:Xiaohong_Yi@ibi.com
Yan_Chan:Yan_Chan@ibi.com
Yingchun_Chen:Yingchun_Chen@ibi.com
Yitty_Herz:Yitty_Herz@ibi.com
Yoram_Eisenstadter:Yoram_Eisenstadter@ibi.com
Yoshiko_Akai:Yoshiko_Akai@ibi.com
Yuliya_Grinberg:Yuliya_Grinberg@ibi.com
peter:Peter_Kaboolian@ibi.com
pjl:Peter_Lenahan@ibi.com
java:Peter_Lenahan@ibi.com
Idiom:Evan_Cohen@ibi.com
caster:Yingchun_Chen@ibi.com
tdg:Michael_Zand@ibi.com
iwayjar:Peter_Lenahan@ibi.com
apachex:Brendan_Benke@ibi.com
cvs:Peter_Lenahan@ibi.com
betty:Bhavesh_Patel@ibi.com
ccase:Syed_Rahman@ibi.com
osdprods:Syed_Rahman@ibi.com


